timestamp,bible_or_anime,quote,quote_source,image_prompt,image_file,image_file_motivational,tweet_link,tweet_id
2022-07-24 14:41:33.781188+00:00,anime,I am the hope of the universe. I am the answer to all living things that cry out for peace. I am the protector of the innocent. I am the light in the darkness. I am the truth. Ally to good! Nightmare to you!,Goku,"I am the hope of the universe. I am the answer to all living things that cry out for peace. I am the protector of the innocent. I am the light in the darkness. I am the truth. Ally to good! Nightmare to you!, sci-fi portrait charcoal sketch in the style of Edgar Degas",img/8R738M6HFF.png,img/8R738M6HFF_motivational.jpg,https://twitter.com/i/web/status/1551216017514299396,1551216017514299396
2022-07-24 14:51:26.866551+00:00,bible,For thou hast girded me with strength to battle: them that rose up against me hast thou subdued under me.,2 Samuel 22:40,"For thou hast girded me with strength to battle: them that rose up against me hast thou subdued under me., fantasy street photography pastel in the style of Dr. Seuss",img/RQX2DB4P1A.png,img/RQX2DB4P1A_motivational.jpg,https://twitter.com/i/web/status/1551218505193701376,1551218505193701376
2022-07-25 00:17:10.544814+00:00,anime,"People who can’t throw something important away, can never hope to change anything.",Armin Arlelt (Attack on Titan),"People who can’t throw something important away, can never hope to change anything., cartoon street photography colored pencil in the style of Hokusai",img/40YLVVUFPO.png,img/40YLVVUFPO_motivational.jpg,https://twitter.com/i/web/status/1551360874987790337,1551360874987790337
2022-07-26 00:38:38.575301+00:00,bible,A divine sentence is in the lips of the king: his mouth transgresseth not in judgment.,Proverbs 16:10,"A divine sentence is in the lips of the king: his mouth transgresseth not in judgment., indie cubism sketch in the style of Franz Marc",img/VWCA4JI9Q4.png,img/VWCA4JI9Q4_motivational.jpg,https://twitter.com/i/web/status/1551728665720913922,1551728665720913922
2022-07-27 01:20:39.802010+00:00,anime,"Don’t be upset because of what you can’t do. Do what you do best, live as carefree and optimistically as you can, because some people aren’t able to do that.",Keima Katsuragi (The World God Only Knows),"Don’t be upset because of what you can’t do. Do what you do best, live as carefree and optimistically as you can, because some people aren’t able to do that., indie neoclassicism crayon in the style of Amedeo Modigliani",img/OFCO721HTJ.png,img/OFCO721HTJ_motivational.jpg,https://twitter.com/i/web/status/1552101627871387648,1552101627871387648
2022-07-27 01:28:39.286624+00:00,anime,Protecting someone means giving them a place to belong. Giving them a place where they can be happy.,Princess Lenessia (Log Horizon),"Protecting someone means giving them a place to belong. Giving them a place where they can be happy., kawaii renaissance painting photograph in the style of Beatrix Potter",img/41IBFN5NDI.png,img/41IBFN5NDI_motivational.jpg,https://twitter.com/i/web/status/1552103638495117312,1552103638495117312
2022-07-28 00:19:13.263613+00:00,bible,"Remember thy congregation, which thou hast purchased of old; the rod of thine inheritance, which thou hast redeemed; this mount Zion, wherein thou hast dwelt.",Psalms 74:2,"Remember thy congregation, which thou hast purchased of old; the rod of thine inheritance, which thou hast redeemed; this mount Zion, wherein thou hast dwelt., cyberpunk ancient pastel in the style of Hayao Miyazaki",img/AXQ1N1J20O.png,img/AXQ1N1J20O_motivational.jpg,https://twitter.com/i/web/status/1552448552948748288,1552448552948748288
2022-07-29 00:16:39.676459+00:00,anime,A place where someone still thinks about you is a place you can call home.,Jiraiya (Naruto),"A place where someone still thinks about you is a place you can call home., post-apocalyptic cubism ukiyo-e in the style of Edvard Munch",img/B3DU6HDPIT.png,img/B3DU6HDPIT_motivational.jpg,https://twitter.com/i/web/status/1552810296426708992,1552810296426708992
2022-07-30 00:16:00.021353+00:00,anime,"If I can meet you again, against the 6 billion to 1 odds, even If you can’t move, I’ll marry you.",Hideki Hinata (Angel Beats),"If I can meet you again, against the 6 billion to 1 odds, even If you can’t move, I’ll marry you., indie renaissance painting ukiyo-e in the style of Claude Monet",img/GBE3SOBROU.png,img/GBE3SOBROU_motivational.jpg,https://twitter.com/i/web/status/1553172517963018240,1553172517963018240
2022-08-01 01:45:27.660840+00:00,bible,That in the ages to come he might shew the exceeding riches of his grace in his kindness toward us through Christ Jesus.,Ephesians 2:7,"That in the ages to come he might shew the exceeding riches of his grace in his kindness toward us through Christ Jesus., urban renaissance painting pastel in the style of Claude Monet",img/GYMQVM7Z0G.png,img/GYMQVM7Z0G_motivational.jpg,https://twitter.com/i/web/status/1553919807170367488,1553919807170367488
2022-08-02 00:18:03.735086+00:00,bible,"And cried when they saw the smoke of her burning, saying, What city is like unto this great city!",Revelation 18:18,"And cried when they saw the smoke of her burning, saying, What city is like unto this great city!, cartoon portrait woodcut in the style of Gustav Klimt",img/AQRJ3BRC80.png,img/AQRJ3BRC80_motivational.jpg,https://twitter.com/i/web/status/1554260199560601601,1554260199560601601
2022-08-03 01:01:26.879146+00:00,bible,"That they teach you not to do after all their abominations, which they have done unto their gods; so should ye sin against the LORD your God.",Deuteronomy 20:18,"That they teach you not to do after all their abominations, which they have done unto their gods; so should ye sin against the LORD your God., urban byzantine watercolor in the style of Vincent van Gogh",img/4G2RWGQFT6.png,img/4G2RWGQFT6_motivational.jpg,https://twitter.com/i/web/status/1554633506822692866,1554633506822692866
2022-08-04 00:18:08.161651+00:00,anime,"You’ll only realize that you truly love someone if they already caused you enormous pain. Your enemies can never hurt you the way your loved ones can. It’s the people close to your heart that can give you the most piercing wound. Love is a double-edged sword, it can heal the wound faster or it can sink the blade even deeper.",Himura Kenshin (Rurouni Kenshin),"You’ll only realize that you truly love someone if they already caused you enormous pain. Your enemies can never hurt you the way your loved ones can. It’s the people close to your heart that can give you the most piercing wound. Love is a double-edged sword, it can heal the wound faster or it can sink the blade even deeper., vaporpunk impressionism photograph in the style of El Greco",img/MN9RXQ5IAW.png,img/MN9RXQ5IAW_motivational.jpg,https://twitter.com/i/web/status/1554984995101573123,1554984995101573123
2022-08-05 00:19:39.399888+00:00,bible,"If we live in the Spirit, let us also walk in the Spirit.",Galatians 5:25,"If we live in the Spirit, let us also walk in the Spirit., kawaii neoclassicism etching in the style of Edvard Munch",img/IFI0ETHKP4.png,img/IFI0ETHKP4_motivational.jpg,https://twitter.com/i/web/status/1555347765672263682,1555347765672263682
2022-08-06 00:17:01.070041+00:00,bible,"Which when the brethren knew, they brought him down to Caesarea, and sent him forth to Tarsus.",Acts 9:30,"Which when the brethren knew, they brought him down to Caesarea, and sent him forth to Tarsus., dieselpunk art nouveau pastel in the style of Amedeo Modigliani",img/J0XKYO1EI6.png,img/J0XKYO1EI6_motivational.jpg,https://twitter.com/i/web/status/1555709489675845632,1555709489675845632
2022-08-07 00:19:36.674522+00:00,bible,"Cursed shalt thou be when thou comest in, and cursed shalt thou be when thou goest out.",Deuteronomy 28:19,"Cursed shalt thou be when thou comest in, and cursed shalt thou be when thou goest out., horror surrealism photograph in the style of Amedeo Modigliani",img/B6IB2FZNEQ.png,img/B6IB2FZNEQ_motivational.jpg,https://twitter.com/i/web/status/1556072529898328064,1556072529898328064
2022-08-08 00:15:39.235850+00:00,bible,"And the angel of the LORD said unto Manoah, Of all that I said unto the woman let her beware.",Judges 13:13,"And the angel of the LORD said unto Manoah, Of all that I said unto the woman let her beware., realistic ancient woodcut in the style of Pierre-Auguste Renoir",img/PQOXJWAKMF.png,img/PQOXJWAKMF_motivational.jpg,https://twitter.com/i/web/status/1556433921671188480,1556433921671188480
2022-08-09 00:18:37.631091+00:00,bible,"Surely he shall deliver thee from the snare of the fowler, and from the noisome pestilence.",Psalms 91:3,"Surely he shall deliver thee from the snare of the fowler, and from the noisome pestilence., vaporwave portrait scientific diagram in the style of Hokusai",img/K1ZXDAN0JS.png,img/K1ZXDAN0JS_motivational.jpg,https://twitter.com/i/web/status/1556797056534122496,1556797056534122496
2022-08-10 00:16:19.272050+00:00,anime,Hard work is worthless for those that don’t believe in themselves.,Naruto Uzumaki (Naruto),"Hard work is worthless for those that don’t believe in themselves., gothic art deco watercolor in the style of J. M. W. Turner",img/I8WGK5H6ES.png,img/I8WGK5H6ES_motivational.jpg,https://twitter.com/i/web/status/1557158865455628288,1557158865455628288
2022-08-11 00:18:12.359064+00:00,bible,Whoso mocketh the poor reproacheth his Maker: and he that is glad at calamities shall not be unpunished.,Proverbs 17:5,"Whoso mocketh the poor reproacheth his Maker: and he that is glad at calamities shall not be unpunished., cartoon art deco photograph in the style of Paul Gauguin",img/O9KFJJLJDL.png,img/O9KFJJLJDL_motivational.jpg,https://twitter.com/i/web/status/1557521727525109760,1557521727525109760
2022-08-12 00:15:45.795124+00:00,bible,"If he turn not, he will whet his sword; he hath bent his bow, and made it ready.",Psalms 7:12,"If he turn not, he will whet his sword; he hath bent his bow, and made it ready., fantasy impressionism crayon in the style of Henri Rousseau",img/L6AOCERUOH.png,img/L6AOCERUOH_motivational.jpg,https://twitter.com/i/web/status/1557883500484763648,1557883500484763648
2022-08-13 00:17:50.755675+00:00,bible,"For I say unto you, that this that is written must yet be accomplished in me, And he was reckoned among the transgressors: for the things concerning me have an end.",Luke 22:37,"For I say unto you, that this that is written must yet be accomplished in me, And he was reckoned among the transgressors: for the things concerning me have an end., gothic portrait vector art in the style of Edvard Munch",img/K49R8GS2A7.png,img/K49R8GS2A7_motivational.jpg,https://twitter.com/i/web/status/1558246413112381441,1558246413112381441
2022-08-14 00:17:26.655510+00:00,bible,"Mine eye also shall see my desire on mine enemies, and mine ears shall hear my desire of the wicked that rise up against me.",Psalms 92:11,"Mine eye also shall see my desire on mine enemies, and mine ears shall hear my desire of the wicked that rise up against me., fantasy art nouveau acrylic in the style of Rembrandt",img/9GEXM6I8LV.png,img/9GEXM6I8LV_motivational.jpg,https://twitter.com/i/web/status/1558608699782053890,1558608699782053890
2022-08-15 00:17:10.592893+00:00,bible,"Saying, Blessed be the King that cometh in the name of the Lord: peace in heaven, and glory in the highest.",Luke 19:38,"Saying, Blessed be the King that cometh in the name of the Lord: peace in heaven, and glory in the highest., memphis street photography acrylic in the style of Gustav Klimt",img/LNM0JAW6D9.png,img/LNM0JAW6D9_motivational.jpg,https://twitter.com/i/web/status/1558971020295520256,1558971020295520256
2022-08-16 06:50:39.063008+00:00,anime,"Sometimes I do feel like I’m a failure. Like there’s no hope for me. But even so, I’m not gonna give up. Ever!",Izuku Midoriya,"Sometimes I do feel like I’m a failure. Like there’s no hope for me. But even so, I’m not gonna give up. Ever!, sci-fi dada illustration in the style of Paul Cezanne",img/GYD1FZ01P5.png,img/GYD1FZ01P5_motivational.jpg,https://twitter.com/i/web/status/1559432429005316097,1559432429005316097
2022-08-17 00:17:26.965912+00:00,anime,"Hey Villain, have you ever heard these words? Go Beyond! Plus...Ultra...!",All Might,"Hey Villain, have you ever heard these words? Go Beyond! Plus...Ultra...!, sci-fi surrealism illustration in the style of Franz Marc",img/5WB8JLPVEY.png,img/5WB8JLPVEY_motivational.jpg,https://twitter.com/i/web/status/1559695864444043264,1559695864444043264
2022-08-18 00:17:03.286320+00:00,anime,"Those who stand at the top determine what’s wrong and what’s right! This very place is neutral ground! Justice will prevail, you say? But of course it will! Whoever wins this war becomes justice!",Don Quixote Doflamingo (One Piece),"Those who stand at the top determine what’s wrong and what’s right! This very place is neutral ground! Justice will prevail, you say? But of course it will! Whoever wins this war becomes justice!, horror expressionism vector art in the style of Rembrandt",img/TE8R0WGPI0.png,img/TE8R0WGPI0_motivational.jpg,https://twitter.com/i/web/status/1560058152287997955,1560058152287997955
2022-08-19 00:19:05.206251+00:00,bible,"Then king Rehoboam sent Adoram, who was over the tribute; and all Israel stoned him with stones, that he died. Therefore king Rehoboam made speed to get him up to his chariot, to flee to Jerusalem.",1 Kings 12:18,"Then king Rehoboam sent Adoram, who was over the tribute; and all Israel stoned him with stones, that he died. Therefore king Rehoboam made speed to get him up to his chariot, to flee to Jerusalem., vaporpunk impressionism scientific diagram in the style of Paul Gauguin",img/CJTJ4OII30.png,img/CJTJ4OII30_motivational.jpg,https://twitter.com/i/web/status/1560421052034887681,1560421052034887681
2022-08-20 00:17:25.468016+00:00,bible,"And it shall come to pass, that in the place where it was said unto them, Ye are not my people; there shall they be called the children of the living God.",Romans 9:26,"And it shall come to pass, that in the place where it was said unto them, Ye are not my people; there shall they be called the children of the living God., dieselpunk cubism etching in the style of Edouard Manet",img/EQPHO4EGBI.png,img/EQPHO4EGBI_motivational.jpg,https://twitter.com/i/web/status/1560783021858504705,1560783021858504705
2022-08-21 00:17:43.192993+00:00,anime,"Vision is not what your eyes see, but an image that your brain comprehends.",Touko Aozaki (The Garden of Sinners / Kara no Kyōkai),"Vision is not what your eyes see, but an image that your brain comprehends., cyberpunk renaissance painting scientific diagram in the style of Normal Rockwell",img/SMO9DQIM9L.png,img/SMO9DQIM9L_motivational.jpg,https://twitter.com/i/web/status/1561145483833253889,1561145483833253889
2022-08-22 00:18:26.146097+00:00,bible,The righteous man wisely considereth the house of the wicked: but God overthroweth the wicked for their wickedness.,Proverbs 21:12,"The righteous man wisely considereth the house of the wicked: but God overthroweth the wicked for their wickedness., memphis surrealism illustration in the style of Edgar Degas",img/BNECAS7A96.png,img/BNECAS7A96_motivational.jpg,https://twitter.com/i/web/status/1561508052255313920,1561508052255313920
2022-08-23 00:21:40.550254+00:00,anime,You need to accept the fact that you’re not the best and have all the will to strive to be better than anyone you face.,Roronoa Zoro (One Piece),"You need to accept the fact that you’re not the best and have all the will to strive to be better than anyone you face., anime ancient crayon in the style of Wassily Kandinsky",img/OYEEI1F0XE.png,img/OYEEI1F0XE_motivational.jpg,https://twitter.com/i/web/status/1561871255405486080,1561871255405486080
2022-08-25 00:19:39.330741+00:00,anime,"If you’re gonna insist on gambling and then complain when you lose, you had better work on your game.",Hatsu Kominato (Selector Infected Wixoss),"If you’re gonna insist on gambling and then complain when you lose, you had better work on your game., cyberpunk expressionism digital painting in the style of Pierre-Auguste Renoir",img/ZIABLLCY9Q.png,img/ZIABLLCY9Q_motivational.jpg,https://twitter.com/i/web/status/1562595521801654272,1562595521801654272
,anime,Hatred and Sorrow are power. They are yours to control. All you have to do is to turn them into strength and use that strength to move forward.,Sebastian Michaelis (Black Butler / Kuroshitsuji),,,,,
,bible,"Making request, if by any means now at length I might have a prosperous journey by the will of God to come unto you.",Romans 1:10,,,,,
,anime,"There are no regrets. If one can be proud of one’s life, one should not wish for another chance.",Saber (Fate Stay Night),,,,,
,anime,I hate perfection. To be perfect is to be unable to improve any further.,Kurotsuchi Mayuri,,,,,
,anime,"Power comes in response to a need, not a desire. You have to create that need.",Goku (Dragon Ball Z),,,,,
,anime,I’ll leave tomorrow’s problems to tomorrow’s me.,Saitama (One-Punch Man),,,,,
,bible,"Notwithstanding, that I be not further tedious unto thee, I pray thee that thou wouldest hear us of thy clemency a few words.",Acts 24:4,,,,,
,anime,"When you give up, that’s when the game ends.",Mitsuyoshi Anzai (Slam Dunk),,,,,
,bible,"And they departed from the presence of the council, rejoicing that they were counted worthy to suffer shame for his name.",Acts 5:41,,,,,
,anime,To know sorrow is not terrifying. What is terrifying is to know you can’t go back to happiness you could have.,Matsumoto Rangiku (Bleach),,,,,
,anime,"Whether you win or lose, looking back and learning from your experiences is a part of life.",All Might,,,,,
,anime,"Was I able to live inside someone’s heart? Was I able to live inside your heart? Do you think you’ll remember me at least a little? You’d better not hit ‘reset!’ Don’t forget me, OK? That’s a promise, OK? I’m glad it’s you, after all. Will I reach you? I hope I can reach you.",Kaori,,,,,
,anime,You’ve got two legs and a heartbeat. What’s stopping you?,Inuyasha,,,,,
,bible,"Then many of the Jews which came to Mary, and had seen the things which Jesus did, believed on him.",John 11:45,,,,,
,bible,The LORD is the portion of mine inheritance and of my cup: thou maintainest my lot.,Psalms 16:5,,,,,
,anime,Every journey begins with a single step. We just have to have patience.,Milly Thompson,,,,,
,anime,The ticket to the future is always open.,Vash the Stampede,,,,,
,anime,Reject common sense to make the impossible possible.,Simon (Tengen Toppa Gurren Lagann),,,,,
,bible,"But straightway Jesus spake unto them, saying, Be of good cheer; it is I; be not afraid.",Matthew 14:27,,,,,
,bible,"Now if Christ be preached that he rose from the dead, how say some among you that there is no resurrection of the dead?",1 Corinthians 15:12,,,,,
,anime,"You should never give up on life, no matter how you feel. No matter how badly you want to give up.",Canaan,,,,,
,bible,"Why art thou cast down, O my soul? and why art thou disquieted in me?  hope thou in God: for I shall yet praise him for the help of his countenance.",Psalms 42:5,,,,,
,bible,"Call now, if there be any that will answer thee; and to which of the saints wilt thou turn?",Job 5:1,,,,,
,bible,"Then all those virgins arose, and trimmed their lamps.",Matthew 25:7,,,,,
,bible,"Lay thine hand upon him, remember the battle, do no more.",Job 41:8,,,,,
,bible,"Likewise reckon ye also yourselves to be dead indeed unto sin, but alive unto God through Jesus Christ our Lord.",Romans 6:11,,,,,
,anime,"Who decides limits? And based on what? You said you worked hard? Well, maybe you need to work a little harder. Is that really the limit of your strength? Could you of tomorrow beat you today? Instead of giving in, move forward.",Saitama,,,,,
,anime,Why should I apologize for being a monster? Has anyone ever apologized for turning me into one?,Juuzou Suzuya,,,,,
,anime,Being weak is nothing to be ashamed of… Staying weak is !!,Fuegoleon Vermillion (Black Clover),,,,,
,bible,"It shall be health to thy navel, and marrow to thy bones.",Proverbs 3:8,,,,,
,anime,People become stronger because they have memories they can’t forget.,Tsunade,,,,,
,bible,And every creeping thing that creepeth upon the earth shall be an abomination; it shall not be eaten.,Leviticus 11:41,,,,,
,bible,"They are all adulterers, as an oven heated by the baker, who ceaseth from raising after he hath kneaded the dough, until it be leavened.",Hosea 7:4,,,,,
,bible,"And thou shalt lay them up in the tabernacle of the congregation before the testimony, where I will meet with you.",Numbers 17:4,,,,,
,anime,We don’t have to know what tomorrow holds! That’s why we can live for everything we’re worth today!,Natsu Dragneel (Fairy Tail),,,,,
,anime,If you really want to be strong… Stop caring about what your surrounding thinks of you!,Saitama,,,,,
,bible,Seest thou a man wise in his own conceit? there is more hope of a fool than of him.,Proverbs 26:12,,,,,
,anime,I'm not going there to die. I'm going there to find out if I'm really alive.,Spike Spiegel,,,,,
,bible,"That the saying of Esaias the prophet might be fulfilled, which he spake, Lord, who hath believed our report? and to whom hath the arm of the Lord been revealed?",John 12:38,,,,,
,anime,Being lonely is more painful than getting hurt.,Monkey D. Luffy,,,,,
,anime,"The world’s not perfect, but it’s there for us trying the best it can. That’s what makes it so damn beautiful.",Roy Mustang (Fullmetal Alchemist),,,,,
,bible,They came upon me as a wide breaking in of waters: in the desolation they rolled themselves upon me.,Job 30:14,,,,,
,anime,"A person grows up when he’s able to overcome hardships. Protection is important, but there are some things that a person must learn on his own.",Jiraiya (Naruto),,,,,
,bible,"And ye shall do no work in that same day: for it is a day of atonement, to make an atonement for you before the LORD your God.",Leviticus 23:28,,,,,
,anime,"The brighter they shine, the darker the shadow grows.",Makino Fumito,,,,,
,bible,"They proclaimed a fast, and set Naboth on high among the people.",1 Kings 21:12,,,,,
,anime,"You can die anytime, but living takes true courage.",Kenshin Himura,,,,,
,bible,That I may not seem as if I would terrify you by letters.,2 Corinthians 10:9,,,,,
,anime,"A person grows up when he’s able to overcome hardships. Protection is important, but there are some things that a person must learn on his own.“",Jiraiya,,,,,
,anime,"Either in belief or doubt, if I lean to one of these sides, my reaction time will be dulled if my heart thinks the opposite of what I choose.",Roronoa Zoro (One Piece),,,,,
,anime,"If you can’t do something, then don’t. Focus on what you can.",Shiroe (Log Horizon),,,,,
,bible,"Lo, when the wall is fallen, shall it not be said unto you, Where is the daubing wherewith ye have daubed it?",Ezekiel 13:12,,,,,
,bible,"Then said the LORD unto me, Pray not for this people for their good.",Jeremiah 14:11,,,,,
,anime,Love is not necessary; power is the only true necessity.,Madara Uchiha,,,,,
,anime,"A person can change, at the moment when the person wishes to change.",Haruhi Fujioka (Ouran Highschool Host Club),,,,,
,anime,Forgetting is like a wound. The wound may heal but it has already left a scar.,Monkey D Luffy (One Piece),,,,,
,anime,You will never be able to love anybody else until you love yourself.,Lelouch Lamperouge (Code Geass),,,,,
,bible,"If any of them that believe not bid you to a feast, and ye be disposed to go; whatsoever is set before you, eat, asking no question for conscience sake.",1 Corinthians 10:27,,,,,
,anime,"If you just submit yourself to fate, then that’s the end of it.",Keiichi Maebara (Higurashi: When They Cry),,,,,
,anime,"If you don’t share someone’s pain, you can never understand them.",Nagato,,,,,
,anime,"If you don’t take risks, you can’t create a future!",Monkey D. Luffy,,,,,
,bible,"This is the inheritance of the children of Gad after their families, the cities, and their villages.",Joshua 13:28,,,,,
,bible,"Thou art all fair, my love; there is no spot in thee.",Song of Songs 4:7,,,,,
,bible,"If ye then be not able to do that thing which is least, why take ye thought for the rest?",Luke 12:26,,,,,
,anime,You can’t always hold on to the things that are important. By letting them go we gain something else.,Kunio Yaobi (Tamako Market),,,,,
,bible,"But my mercy shall not depart away from him, as I took it from Saul, whom I put away before thee.",2 Samuel 7:15,,,,,
,bible,The wicked is snared by the transgression of his lips: but the just shall come out of trouble.,Proverbs 12:13,,,,,
,bible,I have no greater joy than to hear that my children walk in truth.,3 John 1:4,,,,,
,anime,"What good are dreams, if all you do is work? There’s more to life than hitting the books, I hope you know.",Tamaki Suou (Ouran Highschool Host Club),,,,,
,bible,"O death, where is thy sting? O grave, where is thy victory?",1 Corinthians 15:55,,,,,
,bible,"I wisdom dwell with prudence, and find out knowledge of witty inventions.",Proverbs 8:12,,,,,
,anime,"Don’t beg for things. Do it yourself, or else you won’t get anything.",Renton Thurston (Eureka Seven),,,,,
,bible,"And his servant Zimri, captain of half his chariots, conspired against him, as he was in Tirzah, drinking himself drunk in the house of Arza steward of his house in Tirzah.",1 Kings 16:9,,,,,
,bible,"And the king said unto Haman, The silver is given to thee, the people also, to do with them as it seemeth good to thee.",Esther 3:11,,,,,
,bible,"But they understood not that saying, and were afraid to ask him.",Mark 9:32,,,,,
,bible,"At that time the LORD said unto Joshua, Make thee sharp knives, and circumcise again the children of Israel the second time.",Joshua 5:2,,,,,
,anime,The scars that you can’t see are the hardest to heal.,Nao Tamori (Charlotte),,,,,
,bible,"Rise up, ye women that are at ease; hear my voice, ye careless daughters; give ear unto my speech.",Isaiah 32:9,,,,,
,anime,"Forgetting is like a wound. The wound may heal, but it has already left a scar.",Monkey D. Luffy (One Piece),,,,,
,bible,"Know ye not, that so many of us as were baptized into Jesus Christ were baptized into his death?",Romans 6:3,,,,,
,anime,"Sometimes, people are just mean. Don’t fight mean with mean. Hold your head high.",Hinata Miyake (A Place Further than the Universe),,,,,
,bible,"When I remember thee upon my bed, and meditate on thee in the night watches.",Psalms 63:6,,,,,
,bible,"And whatsoever soul it be that doeth any work in that same day, the same soul will I destroy from among his people.",Leviticus 23:30,,,,,
,bible,Thou makest us to turn back from the enemy: and they which hate us spoil for themselves.,Psalms 44:10,,,,,
,bible,"And what can David say more unto thee? for thou, Lord GOD, knowest thy servant.",2 Samuel 7:20,,,,,
,anime,Life comes at a cost. Wouldn’t it be arrogant to die before you’ve repaid that debt?,Yuuji Kazami (The Fruit of Grisaia / Gurizaia no Kajitsu),,,,,
,anime,A dropout will beat a genius through hard work.,Rock Lee (Naruto),,,,,
,bible,And no marvel; for Satan himself is transformed into an angel of light.,2 Corinthians 11:14,,,,,
,bible,"The same came therefore to Philip, which was of Bethsaida of Galilee, and desired him, saying, Sir, we would see Jesus.",John 12:21,,,,,
,bible,"And they told him, that Jesus of Nazareth passeth by.",Luke 18:37,,,,,
,anime,"The world isn’t perfect. But it’s there for us, doing the best it can… that’s what makes it so damn beautiful.",Roy Mustang (Full Metal Alchemist),,,,,
,bible,"But if a man walk in the night, he stumbleth, because there is no light in him.",John 11:10,,,,,
,bible,Even to prepare me timber in abundance: for the house which I am about to build shall be wonderful great.,2 Chronicles 2:9,,,,,
,anime,"When you give up, that’s when the game ends.",Mitsuyoshi Anzai (Slam Dunk),,,,,
,bible,"Whilst it is yet in his greenness, and not cut down, it withereth before any other herb.",Job 8:12,,,,,
,bible,"And the people murmured against Moses, saying, What shall we drink?",Exodus 15:24,,,,,
,anime,Giving up kills people. When people reject giving up… they finally win the right to transcend humanity.,Alucard (Hellsing),,,,,
,anime,"Is it all right to not hold it in anymore? Sanae-san told me, places that I can cry are in a bathroom, or in daddy’s arms.",Ushio,,,,,
,bible,"Whereunto I also labour, striving according to his working, which worketh in me mightily.",Colossians 1:29,,,,,
,bible,Whoso offereth praise glorifieth me: and to him that ordereth his conversation aright will I shew the salvation of God.,Psalms 50:23,,,,,
,bible,Now I am come to make thee understand what shall befall thy people in the latter days: for yet the vision is for many days.,Daniel 10:14,,,,,
,bible,"And Aaron shall burn thereon sweet incense every morning: when he dresseth the lamps, he shall burn incense upon it.",Exodus 30:7,,,,,
,bible,But go rather to the lost sheep of the house of Israel.,Matthew 10:6,,,,,
,anime,"We are all like fireworks: we climb, we shine and always go our separate ways and become further apart. But even when that time comes, let’s not disappear like a firework and continue to shine.. forever.",Hitsugaya Toshiro (Bleach),,,,,
,anime,The ticket to the future is always open.,Vash The Stampede (Trigun),,,,,
,anime,I refuse to let my fear control me anymore.,Maka Albarn (Soul Eater),,,,,
,bible,And he killed James the brother of John with the sword.,Acts 12:2,,,,,
,anime,"Don’t give up, there’s no shame in falling down! True shame is to not stand up again!",Shintaro Midorima (Kuroko No Basket),,,,,
,anime,You can’t win a game by doing nothing. And if someone else wins it for you then you haven’t accomplished anything. Life is the same way.,Junichirou Kagami (Denpa Kyoushi),,,,,
,anime,"War is not heroic. War is not exhilarating. And, war is full of despair. It’s dark. It’s dreadful. It is a thing of sorrow and gloom.",Izura Kira,,,,,
,anime,"It’s not always possible to do what we want to do, but it’s important to believe in something before you actually do it.",Might Guy (Naruto),,,,,
,anime,Did I make the Japanese people happy? Did I make it work?,Euphemia Li Britannia,,,,,
,bible,Come and see the works of God: he is terrible in his doing toward the children of men.,Psalms 66:5,,,,,
,bible,"The young man saith unto him, All these things have I kept from my youth up: what lack I yet?",Matthew 19:20,,,,,
,bible,"Keep me, O LORD, from the hands of the wicked; preserve me from the violent man; who have purposed to overthrow my goings.",Psalms 140:4,,,,,
,anime,"What good are dreams, if all you do is work? There’s more to life than hitting the books, I hope you know.",Tamaki Suou (Ouran Highschool Host Club),,,,,
,bible,"For out of Jerusalem shall go forth a remnant, and they that escape out of mount Zion: the zeal of the LORD of hosts shall do this.",Isaiah 37:32,,,,,
,bible,But the men of Sodom were wicked and sinners before the LORD exceedingly.,Genesis 13:13,,,,,
,anime,The loneliest people are the kindest. The saddest people smile the brightest. The most damaged people are the wisest. All because they don’t wish to see anyone else suffer the way they did.,Jellal Fernandes,,,,,
,bible,"But watch thou in all things, endure afflictions, do the work of an evangelist, make full proof of thy ministry.",2 Timothy 4:5,,,,,
,bible,"Turn us, O God of our salvation, and cause thine anger toward us to cease.",Psalms 85:4,,,,,
,bible,Why did the knees prevent me? or why the breasts that I should suck?,Job 3:12,,,,,
,bible,And he looked round about to see her that had done this thing.,Mark 5:32,,,,,
,anime,Angels banished from heaven have no choice but to become devils.,Vicious,,,,,
,anime,"Forgetting is like a wound. The wound may heal, but it has already left a scar.",Monkey D. Luffy,,,,,
,anime,Sometimes it’s necessary to do unnecessary things.,Kanade Jinguuji (Best Student Council),,,,,
,bible,"And it came to pass afterward, that he loved a woman in the valley of Sorek, whose name was Delilah.",Judges 16:4,,,,,
,bible,"Doth the hawk fly by thy wisdom, and stretch her wings toward the south?",Job 39:26,,,,,
,bible,"If the foundations be destroyed, what can the righteous do?",Psalms 11:3,,,,,
,bible,Mine enemies reproach me all the day; and they that are mad against me are sworn against me.,Psalms 102:8,,,,,
,bible,"How is it then, brethren? when ye come together, every one of you hath a psalm, hath a doctrine, hath a tongue, hath a revelation, hath an interpretation. Let all things be done unto edifying.",1 Corinthians 14:26,,,,,
,anime,I really want to be with all of you! I want to play! That’s why I’m going to reincarnate! Then I’ll be with everyone again.,Menma,,,,,
,anime,"The world isn’t perfect. But it’s there for us, doing the best it can…that’s what makes it so damn beautiful.",Roy Mustang,,,,,
,bible,"That thou mayest bear thine own shame, and mayest be confounded in all that thou hast done, in that thou art a comfort unto them.",Ezekiel 16:54,,,,,
,bible,And many of the children of Israel shall he turn to the Lord their God.,Luke 1:16,,,,,
,anime,"When you lose sight of your path, listen for the destination in your heart.",Allen Walker (D.Gray Man),,,,,
,bible,"If there be yet many years behind, according unto them he shall give again the price of his redemption out of the money that he was bought for.",Leviticus 25:51,,,,,
,anime,"No matter how hard or impossible it is, never lose sight of your goal.",Monkey D Luffy (One Piece),,,,,
,anime,"Destiny. Fate. Dreams. These unstoppable ideas are held deep in the heart of man. As long as there are people who seek freedom in this life, these things shall not vanish from the Earth.",Gold D. Rodger (One Piece),,,,,
,anime,"Do not think about other things, there is only one thing you can do. So master that one thing. Do not forget. What you must imagine is always that you, yourself, are the strongest. You do not need outside enemies. For you, the one you have to fight is none other than your own image.",Archer (Fate Stay Night),,,,,
,anime,It’s impossible to work hard for something you don’t enjoy.,Silica,,,,,
,anime,"If you don’t like your destiny, don’t accept it. Instead, have the courage to change it the way you want it to be.",Naruto Uzumaki (Naruto),,,,,
,bible,A wicked messenger falleth into mischief: but a faithful ambassador is health.,Proverbs 13:17,,,,,
,bible,Doth the plowman plow all day to sow? doth he open and break the clods of his ground?,Isaiah 28:24,,,,,
,anime,"They call certain methods of fighting good and others evil, acting as if there were some nobility to the battlefield. Such illusions, perpetrated by heroes throughout history, have led countless young men to their bloody deaths, all for the sake of this valor and glory.",Kiritsugu Emiya,,,,,
,bible,And he shall redeem Israel from all his iniquities.,Psalms 130:8,,,,,
,anime,"Whatever you lose, you’ll find it again. But what you throw away you’ll never get back.",Kenshin Himura (Rurouni Kenshin: Meiji Kenkaku Romantan),,,,,
,bible,"Sallu, Amok, Hilkiah, Jedaiah. These were the chief of the priests and of their brethren in the days of Jeshua.",Nehemiah 12:7,,,,,
,anime,"The world isn’t perfect. But it’s there for us, doing the best it can….that’s what makes it so damn beautiful.",Roy Mustang (Full Metal Alchemist),,,,,
,anime,"You may be able to get stronger with simply the right attitude. In other words, train your spirit before worrying about strength through power and technology.",Saitama,,,,,
,anime,"If you don’t take risks, you can’t create a future!",Monkey D. Luffy (One Piece),,,,,
,bible,And let us bring again the ark of our God to us: for we enquired not at it in the days of Saul.,1 Chronicles 13:3,,,,,
,anime,"Anything can happen. No one ever thinks it will until it does. What will happen, happens. That’s how the world is. The most important thing is to not let the tragedy defeat you. To believe that you can get through it.",Kyousuke Natsume (Little Busters!),,,,,
,anime,"Whatever you lose, you’ll find it again. But what you throw away you’ll never get back.",Himura Kenshin (Rurouni Kenshin),,,,,
,anime,We can’t waste time worrying about the what if’s.,Ichigo Kurosaki,,,,,
,bible,"Thou shalt increase my greatness, and comfort me on every side.",Psalms 71:21,,,,,
,anime,It doesn’t do any good to pretend you can’t see what’s going on.,Yuuya Mochizuki (Another),,,,,
,anime,"Is that really…the limit to your power? Do you honestly think that you won’t get any stronger for the rest of your life? Instead of sitting around frustrated, it’s better to keep on moving forward.",Saitama,,,,,
,anime,"If you don’t like your destiny, don’t accept it. Instead, have the courage to change it the way you want it to be.",Naruto Uzumaki,,,,,
,bible,"Take us the foxes, the little foxes, that spoil the vines: for our vines have tender grapes.",Song of Songs 2:15,,,,,
,bible,"The king of Tirzah, one: all the kings thirty and one.",Joshua 12:24,,,,,
,bible,"And it shall come to pass, that every soul, which will not hear that prophet, shall be destroyed from among the people.",Acts 3:23,,,,,
,anime,"Mistakes are not shackles that halt one from stepping forward. Rather, they are that which sustain and grow one’s heart.",Mavis Vermillion (Fairy Tail),,,,,
,bible,"They were driven forth from among men, (they cried after them as after a thief;)",Job 30:5,,,,,
,anime,You need to accept the fact that you’re not the best and have all the will to strive to be better than anyone you face.,Roronoa Zoro,,,,,
,anime,"I’ll make you so in love with me, that every time our lips touch, you’ll die a little death.",Ai Yazawa (Nana),,,,,
,anime,I’ll leave tomorrow’s problems to tomorrow’s me.,Saitama,,,,,
,bible,"And the king said unto Joab, Behold now, I have done this thing: go therefore, bring the young man Absalom again.",2 Samuel 14:21,,,,,
,bible,Whereupon he promised with an oath to give her whatsoever she would ask.,Matthew 14:7,,,,,
,bible,"The prophet that hath a dream, let him tell a dream; and he that hath my word, let him speak my word faithfully. What is the chaff to the wheat? saith the LORD.",Jeremiah 23:28,,,,,
,anime,"If you win, you live. If you lose, you die. If you don’t fight, you can’t win.",Eren Yaeger,,,,,
,anime,The two of us aren’t so different. My whole life I’ve desired from others. I felt bitter to the people around me and I closed off my heart. And a heart that lets nothing in will become empty before you realize it.,Mei Aihara,,,,,
,bible,"But as for you all, do ye return, and come now: for I cannot find one wise man among you.",Job 17:10,,,,,
,anime,"It’s not always possible to do what we want to do, but it’s important to believe in something before you actually do it.",Might Guy,,,,,
,bible,"For though thou wash thee with nitre, and take thee much soap, yet thine iniquity is marked before me, saith the Lord GOD.",Jeremiah 2:22,,,,,
,bible,"Grudge not one against another, brethren, lest ye be condemned: behold, the judge standeth before the door.",James 5:9,,,,,
,bible,"Before she travailed, she brought forth; before her pain came, she was delivered of a man child.",Isaiah 66:7,,,,,
,anime,It is at the moment of death that humanity has value.,Archer (Fate Series),,,,,
,anime,"Whatever you lose, you’ll find it again. But what you throw away, you’ll never get back.",Kenshin Himura,,,,,
,bible,"For every tree is known by his own fruit. For of thorns men do not gather figs, nor of a bramble bush gather they grapes.",Luke 6:44,,,,,
,bible,"And said to the judges, Take heed what ye do: for ye judge not for man, but for the LORD, who is with you in the judgment.",2 Chronicles 19:6,,,,,
,bible,But Hazael king of Syria oppressed Israel all the days of Jehoahaz.,2 Kings 13:22,,,,,
,bible,"Let them now that fear the LORD say, that his mercy endureth for ever.",Psalms 118:4,,,,,
,anime,An excellent leader must be passionate because it’s their duty to keep everyone moving forward.,Nico Yazawa (Love Live),,,,,
,anime,Thinking you’re no-good and worthless is the worst thing you can do,Nobito (Doraemon),,,,,
,anime,To know sorrow is not terrifying. What is terrifying is to know you can’t go back to happiness you could have.,Matsumoto Rangiku (Bleach),,,,,
,anime,"You were always there for me, and that’s all I needed. Just you. For some reason, I didn’t feel sad or broken up, it just didn’t seem real. But slowly I realized it was real – that you were gone. And little by little, I slowly felt something inside me go numb.",Jet Black,,,,,
,anime,"Power comes in response to a need, not a desire. You have to create that need.",Goku,,,,,
,bible,"And Moses spake before the LORD, saying, Behold, the children of Israel have not hearkened unto me; how then shall Pharaoh hear me, who am of uncircumcised lips?",Exodus 6:12,,,,,
,anime,"When you hit the point of no return, that’s the moment it truly becomes a journey. If you can still turn back, it’s not really a journey.",Hinata Miyake (A Place Further than the Universe),,,,,
,anime,"If you can’t find a reason to fight, then you shouldn’t be fighting.",Akame (Akame Ga Kill),,,,,
,anime,People become stronger because they have memories they can’t forget.,Tsunade (Naruto),,,,,
,bible,"Now, brethren, if I come unto you speaking with tongues, what shall I profit you, except I shall speak to you either by revelation, or by knowledge, or by prophesying, or by doctrine?",1 Corinthians 14:6,,,,,
,anime,It’s more important to master the cards you’re holding than to complain about the ones your opponent was dealt.,Grimsley (Pokemon),,,,,
,anime,Knowing you’re different is only the beginning. If you accept these differences you’ll be able to get past them and grow even closer.,Miss Kobayashi (Dragon Maid),,,,,
,anime,"Who decides limits? And based on what? You said you worked hard? Well, maybe you need to work a little harder. Is that really the limit of your strength? Could you of tomorrow beat you today? Instead of giving in, move forward.",Saitama (One Punch Man),,,,,
,bible,"Thou hast borne thy lewdness and thine abominations, saith the LORD.",Ezekiel 16:58,,,,,
,bible,"It is God that avengeth me, and that bringeth down the people under me.",2 Samuel 22:48,,,,,
,anime,I am the hope of the universe. I am the answer to all living things that cry out for peace. I am protector of the innocent. I am the light in the darkness. I am truth. Ally to good! Nightmare to you!,Son Goku (Dragon Ball Z),,,,,
,bible,While I live will I praise the LORD: I will sing praises unto my God while I have any being.,Psalms 146:2,,,,,
,anime,"People, who can’t throw something important away, can never hope to change anything.",Armin Arlert (Shingeki no Kyojin / Attack on Titan),,,,,
,bible,"So likewise ye, when ye shall see all these things, know that it is near, even at the doors.",Matthew 24:33,,,,,
,bible,"And from under these chambers was the entry on the east side, as one goeth into them from the utter court.",Ezekiel 42:9,,,,,
,anime,Fools who don’t respect the past are likely to repeat it.,Nico Robin,,,,,
,bible,"Therefore is judgment far from us, neither doth justice overtake us: we wait for light, but behold obscurity; for brightness, but we walk in darkness.",Isaiah 59:9,,,,,
,anime,Moving on doesn’t mean you forget about things. It just means you have to accept what’s happened and continue living.,Erza Scarlet (Fairy Tail),,,,,
,anime,"Life is not a game of luck. If you wanna win, work hard.",Sora (No Game No Life),,,,,
,bible,"Did ever people hear the voice of God speaking out of the midst of the fire, as thou hast heard, and live?",Deuteronomy 4:33,,,,,
,bible,"Do good, O LORD, unto those that be good, and to them that are upright in their hearts.",Psalms 125:4,,,,,
,anime,"I don’t like the terms good person or bad person because it’s impossible to be entirely good to everyone, or entirely bad to everyone. To some, you are a good person, while to others you are a bad person.",Armin Arlert,,,,,
,anime,"Even if I searched the world over, no one could compare to you.",Hikaru Hitachiin (Ouran Highschool Host Club),,,,,
,anime,I am the hope of the universe. I am the answer to all living things that cry out for peace. I am the protector of the innocent. I am the light in the darkness. I am the truth. Ally to good! Nightmare to you!,Son Goku (Dragon Ball Z),,,,,
,bible,"Nor of men sought we glory, neither of you, nor yet of others, when we might have been burdensome, as the apostles of Christ.",1 Thessalonians 2:6,,,,,
,bible,"Thou wilt say then, The branches were broken off, that I might be graffed in.",Romans 11:19,,,,,
,anime,Knowing what it feels to be in pain is exactly why we try to be kind to others.,Jiraiya,,,,,
,anime,Do exactly as you like. That is the true meaning of pleasure. Pleasure leads to joy and joy leads to happiness.,Gilgamesh (Fate Zero),,,,,
,bible,The stones of it are the place of sapphires: and it hath dust of gold.,Job 28:6,,,,,
,bible,"And the woman which thou sawest is that great city, which reigneth over the kings of the earth.",Revelation 17:18,,,,,
,bible,"But I receive not testimony from man: but these things I say, that ye might be saved.",John 5:34,,,,,
,anime,"Everything has a beginning and an end. Life is just a cycle of starts and stops. There are ends we don’t desire, but they’re inevitable, we have to face them. It’s what being human is all about.",Jet Black (Cowboy Bebop),,,,,
,bible,So the people were scattered abroad throughout all the land of Egypt to gather stubble instead of straw.,Exodus 5:12,,,,,
,bible,"O Lord God, to whom vengeance belongeth; O God, to whom vengeance belongeth, shew thyself.",Psalms 94:1,,,,,
,bible,"Then the Pharisees went out, and held a council against him, how they might destroy him.",Matthew 12:14,,,,,
,bible,Ye shall fall by the sword; I will judge you in the border of Israel; and ye shall know that I am the LORD.,Ezekiel 11:10,,,,,
,anime,A place where someone still thinks about you is a place you can call home.,Jiraiya,,,,,
,anime,To know sorrow is not terrifying. What is terrifying is to know you can’t go back to happiness you could have.,Matsumoto Rangiku,,,,,
,anime,"You can die anytime, but living takes true courage.",Himura Kenshin (Rurouni Kenshin),,,,,
,anime,Aren’t I supposed to have taught you something important in life by now? What have I taught you?,Hana,,,,,
,anime,"I want you to be happy. I want you to laugh a lot. I don’t know what exactly I’ll be able to do for you, but I’ll always be by your side.",Kagome (InuYasha),,,,,
,bible,"Saying unto Aaron, Make us gods to go before us: for as for this Moses, which brought us out of the land of Egypt, we wot not what is become of him.",Acts 7:40,,,,,
,anime,If you really want to be strong… Stop caring about what your surrounding thinks of you!,Saitama (One Punch Man),,,,,
,bible,"Thus saith the LORD of hosts, the God of Israel; Put your burnt offerings unto your sacrifices, and eat flesh.",Jeremiah 7:21,,,,,
,anime,"I want you to be happy. I want you to laugh a lot. I don’t know what exactly I’ll be able to do for you, but I’ll always be by your side.",Kagome,,,,,
,anime,"If you don’t like your destiny, don’t accept it.",Naruto Uzumaki (Naruto),,,,,
,anime,Having a sense of fear allows you to make cool-headed decisions. Just don't chicken out because of it.,Akitaru Obi,,,,,
,anime,Being lonely is more painful then getting hurt.,Monkey D. Luffy (One Piece),,,,,
,anime,"Just like games, no matter how well you have things lined up in your life, there’s always something to keep you on your toes.",Junichirou Kagami (Denpa Kyoushi),,,,,
,anime,"I’m fine, except… it’s a terrible day for rain.",Roy Mustang,,,,,
,bible,"For we have not an high priest which cannot be touched with the feeling of our infirmities; but was in all points tempted like as we are, yet without sin.",Hebrews 4:15,,,,,
,anime,"Those who stand at the top determine what’s wrong and what’s right! This very place is neutral ground! Justice will prevail, you say? But, of course, it will! Whoever wins this war becomes justice!",Don Quixote Doflamingo (One Piece),,,,,
,bible,"For the grave cannot praise thee, death can not celebrate thee: they that go down into the pit cannot hope for thy truth.",Isaiah 38:18,,,,,
,anime,That’s why I can’t make a change. Everything I do is so… Half-assed.,Hiroshi Kido (Barakamon),,,,,
,anime,"No matter which love line, what time, or where I am, I will always love you. I’ll say it one more time. I love you.",Okabe (Steins; Gate),,,,,
,bible,"And likewise he that had received two, he also gained other two.",Matthew 25:17,,,,,
,anime,"If you begin to regret, you’ll dull your future decisions and let others make your choices for you. All that’s left for you then is to die. Nobody can foretell the outcome. Each decision you make holds meaning only by affecting your next decision.",Erwin Smith,,,,,
,bible,"Then the priest shall consider: and, behold, if the leprosy have covered all his flesh, he shall pronounce him clean that hath the plague: it is all turned white: he is clean.",Leviticus 13:13,,,,,
,bible,"I have decked my bed with coverings of tapestry, with carved works, with fine linen of Egypt.",Proverbs 7:16,,,,,
,bible,"For there is not a word in my tongue, but, lo, O LORD, thou knowest it altogether.",Psalms 139:4,,,,,
,anime,Sometimes the things that matter the most are right in front of you.,Asuna Yuuki,,,,,
,bible,In thy name shall they rejoice all the day: and in thy righteousness shall they be exalted.,Psalms 89:16,,,,,
,bible,"For as the woman is of the man, even so is the man also by the woman; but all things of God.",1 Corinthians 11:12,,,,,
,bible,"And there were dwelling at Jerusalem Jews, devout men, out of every nation under heaven.",Acts 2:5,,,,,
,anime,"Religion, ideology, resources, land, spite, love or just because no matter how pathetic the reason, it’s enough to start war. War will never cease to exist… reasons can be thought up after the fact. Human nature pursues strife.",Paine (Naruto Shippuden),,,,,
,anime,Moving doesn't mean you forget things. It just means you have to accept what happened and move on.,Erza Scarlet,,,,,
,bible,For in death there is no remembrance of thee: in the grave who shall give thee thanks?,Psalms 6:5,,,,,
,anime,"If you don’t take risks, you can’t create a future!",Monkey D. Luffy (One Piece),,,,,
,anime,"If you begin to regret, you’ll dull your future decisions and let others make your choices for you. All that’s left for you then is to die. Nobody can foretell the outcome. Each decision you make holds meaning only by affecting your next decision.",Erwin Smith (Attack on Titan),,,,,
,bible,"The children of Hashum, two hundred twenty and three.",Ezra 2:19,,,,,
,bible,"O come, let us sing unto the LORD: let us make a joyful noise to the rock of our salvation.",Psalms 95:1,,,,,
,bible,"Before destruction the heart of man is haughty, and before honour is humility.",Proverbs 18:12,,,,,
,bible,"I have rejoiced in the way of thy testimonies, as much as in all riches.",Psalms 119:14,,,,,
,bible,"And in all vineyards shall be wailing: for I will pass through thee, saith the LORD.",Amos 5:17,,,,,
,bible,"Pass ye over to Tarshish; howl, ye inhabitants of the isle.",Isaiah 23:6,,,,,
,anime,"Fear is freedom! Subjugation is liberation! Contradiction is truth! Those are the facts of this world! And you will all surrender to them, you pigs in human clothing!",Satsuki Kiryuuin (Kill la Kill),,,,,
,bible,"Their sorrows shall be multiplied that hasten after another god: their drink offerings of blood will I not offer, nor take up their names into my lips.",Psalms 16:4,,,,,
,anime,"Whatever you do, enjoy it to the fullest. That is the secret of life.",Rider (Fate Zero),,,,,
,bible,"Neither shall he go out of the sanctuary, nor profane the sanctuary of his God; for the crown of the anointing oil of his God is upon him: I am the LORD.",Leviticus 21:12,,,,,
,bible,"When thou dost lend thy brother any thing, thou shalt not go into his house to fetch his pledge.",Deuteronomy 24:10,,,,,
,bible,"Declare his glory among the heathen, his wonders among all people.",Psalms 96:3,,,,,
,bible,I removed his shoulder from the burden: his hands were delivered from the pots.,Psalms 81:6,,,,,
,bible,"Ye have multiplied your slain in this city, and ye have filled the streets thereof with the slain.",Ezekiel 11:6,,,,,
,anime,Why should I apologize for being a monster? Has anyone ever apologized for turning me into one?,Juuzou Suzuya (Tokyo Ghoul),,,,,
,anime,"If you don’t share someone’s pain, you can never understand them.",Nagato (Naruto),,,,,
,anime,"You’ll only realize that you truly love someone if they already caused you enormous pain. Your enemies can never hurt you the way your loved ones can. It’s the people close to your heart that can give you the most piercing wound. Love is a double-edged sword; it can heal the wound faster, or it can sink the blade even deeper.",Himura Kenshin,,,,,
,anime,"A lesson without pain is meaningless. That’s because no one can gain without sacrificing something. But by enduring that pain and overcoming it, he shall obtain a powerful, unmatched heart.",Edward Elric,,,,,
,anime,All we can do is live until the day we die. Control what we can…and fly free.,Deneil Young (Uchuu Kyoudai or Space Brothers),,,,,
,anime,"Fear is not evil. It tells you what your weakness is. And once you know your weakness, you can become stronger as well as kinder.",Gildarts Clive (Fairy Tail),,,,,
,bible,"They shall not dwell in thy land, lest they make thee sin against me: for if thou serve their gods, it will surely be a snare unto thee.",Exodus 23:33,,,,,
,bible,On the first day shall be an holy convocation: ye shall do no servile work therein.,Leviticus 23:35,,,,,
,bible,Surely thou didst set them in slippery places: thou castedst them down into destruction.,Psalms 73:18,,,,,
,bible,Thy fierce wrath goeth over me; thy terrors have cut me off.,Psalms 88:16,,,,,
,bible,"How that they told you there should be mockers in the last time, who should walk after their own ungodly lusts.",Jude 1:18,,,,,
,bible,"And four hundred pomegranates on the two wreaths; two rows of pomegranates on each wreath, to cover the two pommels of the chapiters which were upon the pillars.",2 Chronicles 4:13,,,,,
,anime,We can’t waste time worrying about the what if’s.,Ichigo Kurosaki (Bleach),,,,,
,anime,Every journey begins with a single step. We just have to have patience.,Milly Thompson,,,,,
,bible,And the disciples of John shewed him of all these things.,Luke 7:18,,,,,
,bible,"Behold, all ye yourselves have seen it; why then are ye thus altogether vain?",Job 27:12,,,,,
,bible,"The great God that formed all things both rewardeth the fool, and rewardeth transgressors.",Proverbs 26:10,,,,,
,anime,"If you wanna make people dream, you’ve gotta start by believing in that dream yourself!",Seiya Kanie (Amagi Brilliant Park),,,,,
,anime,"Even if I lose this feeling, I’m sure I’ll just fall in love with you all over again.",Syaoran Li (Cardcaptor Sakura),,,,,
,anime,"If you can’t do something, then don’t. Focus on what you can do.",Shiroe (Log Horizon),,,,,
,bible,"For they intended evil against thee: they imagined a mischievous device, which they are not able to perform.",Psalms 21:11,,,,,
,bible,"Let us therefore follow after the things which make for peace, and things wherewith one may edify another.",Romans 14:19,,,,,
,bible,"And let the priests also, which come near to the LORD, sanctify themselves, lest the LORD break forth upon them.",Exodus 19:22,,,,,
,bible,"And Judas also, which betrayed him, knew the place: for Jesus ofttimes resorted thither with his disciples.",John 18:2,,,,,
,bible,"Then said Jesus, Let her alone: against the day of my burying hath she kept this.",John 12:7,,,,,
,anime,"Everything has a beginning and an end. Life is just a cycle of starts and stops. There are ends we don’t desire, but they’re inevitable – we have to face them. It’s what being human is all about.",Jet Black,,,,,
,anime,"People’s lives don’t end when they die, it ends when they lose faith.",Itachi Uchiha (Naruto),,,,,
,anime,There’s no shame in falling down! True shame is to not stand up again!,Shintarō Midorima (Kuroko’s Basketball),,,,,
,anime,"It was like you brought color to my life. You changed my life, all by yourself.",Sawaka Kuronuma (Reaching You),,,,,
,bible,"These things said he in the synagogue, as he taught in Capernaum.",John 6:59,,,,,
,bible,"For I have eaten ashes like bread, and mingled my drink with weeping.",Psalms 102:9,,,,,
,anime,"Fear is not evil. It tells you what weakness is. And once you know your weakness, you can become stronger as well as kinder.",Gildarts Clive (Fairy Tail),,,,,
,bible,"Then called I upon the name of the LORD; O LORD, I beseech thee, deliver my soul.",Psalms 116:4,,,,,
,anime,"If it’s possible for one person to be hurt by another, then it’s possible for that person to be healed by another.",Sohma Hatori (Fruits Basket),,,,,
,anime,Simplicity is the easiest path to true beauty.,Seishuu Handa (Barakamon),,,,,
,bible,Their blood have they shed like water round about Jerusalem; and there was none to bury them.,Psalms 79:3,,,,,
,anime,"Those who stand at the top determine what’s wrong and what’s right! This very place is neutral ground! Justice will prevail, you say? But of course, it will! Whoever wins this war becomes justice!",Don Quixote Doflamingo,,,,,
,anime,To act is not necessarily compassion. True compassion sometimes comes from inaction.,Hinata Miyake (A Place Further than the Universe),,,,,
,anime,"The moment you think of giving up, think of the reason why you held on so long.",Natsu Dragneel (Fairy Tail),,,,,
,anime,"Fear is freedom! Subjugation is liberation! Contradiction is the truth! Those are the facts of this world! And you will all surrender to them, you pigs in human clothing!",Satsuki Kiryuuin (Kill la Kill),,,,,
,bible,"In that day shall messengers go forth from me in ships to make the careless Ethiopians afraid, and great pain shall come upon them, as in the day of Egypt: for, lo, it cometh.",Ezekiel 30:9,,,,,
,anime,"If nobody cares to accept you and wants you in this world, accept yourself and you will see that you don’t need them and their selfish ideas.",Alibaba Saluja (Magi),,,,,
,anime,Humans die. Animals die. Plants die. Even soul reapers die. It’s the arch of the universe. Everything that comes to life eventually ceases to exist.,Baraggan Louisenbairn,,,,,
,bible,"Hitherto is the end of the matter. As for me Daniel, my cogitations much troubled me, and my countenance changed in me: but I kept the matter in my heart.",Daniel 7:28,,,,,
,bible,"Whereof I was made a minister, according to the gift of the grace of God given unto me by the effectual working of his power.",Ephesians 3:7,,,,,
,anime,Every journey begins with a single step. We just have to have patience.,Milly Thompson (Trigun),,,,,
,anime,"I too will obtain everything that I desire. Not because someone asked me to do it, but because I know in my heart that I have something worth fighting for.",Julis Alexia Van Riessfeld (Asterisk War),,,,,
,bible,"Did not Moses give you the law, and yet none of you keepeth the law?  Why go ye about to kill me?",John 7:19,,,,,
,anime,A dropout will beat a genius through hard work.,Rock Lee,,,,,
,anime,"Life is like a tube of toothpaste. When you’ve used all the toothpaste down to the last squeeze, that’s when you’ve really lived. Live with all your might, and struggle as long as you have life.",Mion Sonozaki (Higurashi),,,,,
,anime,"We are all like fireworks: We climb, we shine and always go our separate ways and become further apart. But even when that time comes, let’s not disappear like a firework and continue to shine… forever.",Hitsugaya Toshiro (Bleach),,,,,
,bible,For every high priest is ordained to offer gifts and sacrifices: wherefore it is of necessity that this man have somewhat also to offer.,Hebrews 8:3,,,,,
,anime,"A lesson without pain is meaningless. That’s because no one can gain without sacrificing something. But by enduring that pain and overcoming it, he shall obtain a powerful, unmatched heart.",Edward Elric (Fullmetal Alchemist: Brotherhood),,,,,
,bible,"For the LORD shall be thy confidence, and shall keep thy foot from being taken.",Proverbs 3:26,,,,,
,anime,"Whatever you lose, you’ll find it again. But what you throw away you’ll never get back.",Kenshin Himura (Rurouni Kenshin: Meiji Kenkaku Romantan),,,,,
,bible,"Keep yourselves in the love of God, looking for the mercy of our Lord Jesus Christ unto eternal life.",Jude 1:21,,,,,
,bible,"He answered and said unto them, Because it is given unto you to know the mysteries of the kingdom of heaven, but to them it is not given.",Matthew 13:11,,,,,
,anime,The thing I wished for destroyed my whole family. I brought all this suffering down on my family because I made a wish for my dad without knowing what he really wanted.,Kyoko Sakura,,,,,
,bible,"And it came to pass, that, when Abram was come into Egypt, the Egyptians beheld the woman that she was very fair.",Genesis 12:14,,,,,
,anime,"No one in this world can truly hold himself separate from violence. Guns are literally within reach of anyone. Sadly, that’s where we put our faith, in bullets rather than human kindness.",Koko Hekmatyar,,,,,
,bible,"The eyes of the LORD preserve knowledge, and he overthroweth the words of the transgressor.",Proverbs 22:12,,,,,
,anime,"If you keep on hiding your true feelings, who is going to be happy? If you are sad, you should say it out loud!",Haruhi Fujioka (Ouran High School Host Club),,,,,
,bible,"Know ye not, that to whom ye yield yourselves servants to obey, his servants ye are to whom ye obey; whether of sin unto death, or of obedience unto righteousness?",Romans 6:16,,,,,
,anime,"Sometimes I do feel like I’m a failure. Like there’s no hope for me. But even so, I’m not gonna give up. Ever!",Izuku Midoriya (My Hero Academia),,,,,
,anime,Fools who don’t respect the past are likely to repeat it.,Nico Robin (One Piece),,,,,
,bible,"To see thy power and thy glory, so as I have seen thee in the sanctuary.",Psalms 63:2,,,,,
,anime,People who can’t throw something important away can never hope to change anything.,Armin Arlert,,,,,
,anime,Death isn’t kind. It’s dark and black and as far as you… As far as you can see you’re all alone. There’s no one else.,Mei Misaki,,,,,
,anime,We don’t have to know what tomorrow holds! That’s why we can live for everything we’re worth today!,Natsu Dragneel,,,,,
,anime,"Life and death are like light and shadow. They’re both always there. But people don’t like thinking about death, so subconsciously, they always look away from it.",Yato (Noragami),,,,,
,anime,"If nobody cares to accept you and wants you in this world, accept yourself and you will see that you don’t need them and their selfish ideas.",Alibaba Saluja (Universal Warriors),,,,,
,bible,"And he said unto him, If now I have found grace in thy sight, then shew me a sign that thou talkest with me.",Judges 6:17,,,,,
,anime,"You can die anytime, but living takes true courage.",Kenshin Himura,,,,,
,bible,"I considered all the living which walk under the sun, with the second child that shall stand up in his stead.",Ecclesiastes 4:15,,,,,
,bible,But I will declare for ever; I will sing praises to the God of Jacob.,Psalms 75:9,,,,,
,bible,"And thou shalt make the boards for the tabernacle, twenty boards on the south side southward.",Exodus 26:18,,,,,
,bible,"The eyes of the LORD are in every place, beholding the evil and the good.",Proverbs 15:3,,,,,
,bible,"Yet saith the house of Israel, The way of the LORD is not equal. O house of Israel, are not my ways equal? are not your ways unequal?",Ezekiel 18:29,,,,,
,bible,"For her sins have reached unto heaven, and God hath remembered her iniquities.",Revelation 18:5,,,,,
,anime,If you really want to be strong… Stop caring about what your surrounding thinks of you!,Saitama,,,,,
,anime,Hard work is worthless for those that don’t believe in themselves.,Naruto Uzumaki,,,,,
,bible,"The LORD is nigh unto all them that call upon him, to all that call upon him in truth.",Psalms 145:18,,,,,
,bible,And Jehoshaphat the king of Judah returned to his house in peace to Jerusalem.,2 Chronicles 19:1,,,,,
,bible,"Hereby ye shall be proved: By the life of Pharaoh ye shall not go forth hence, except your youngest brother come hither.",Genesis 42:15,,,,,
,bible,"And he spake a parable unto them, Can the blind lead the blind? shall they not both fall into the ditch?",Luke 6:39,,,,,
,bible,"They have taken crafty counsel against thy people, and consulted against thy hidden ones.",Psalms 83:3,,,,,
,anime,Human beings are strong because we can change ourselves.,Saitama,,,,,
,bible,"Therefore on that day he called him Jerubbaal, saying, Let Baal plead against him, because he hath thrown down his altar.",Judges 6:32,,,,,
,anime,"Don’t be so quick to throw away your life. No matter how disgraceful or embarrassing it may be, you need to keep struggling to find your way out until the very end.",Clare (Claymore),,,,,
,anime,"If you love someone, he could make you sad. He could even make you feel lonely sometimes. But that someone can also make you happier than you’ll ever be.",Saki Hanajima (Fruits Basket),,,,,
,anime,"People, who can’t throw something important away, can never hope to change anything.",Armin Arlert (Shingeki no Kyojin / Attack on Titan),,,,,
